numero;civilite;nom_prenom;formation;date
B-STAT-WWA-2026-0001;Mme;KOKOLO Franchelie Dieuveille;Formation Excel;1 octobre 2026
B-STAT-WWA-2026-0002;M.;LIKIBI Dany;Formation Excel;1 octobre 2026
B-STAT-WWA-2026-0003;M.;KWETE Donald;Formation Excel;1 octobre 2026
B-STAT-WWA-2026-0004;Mme;MOUNTOU MOUISSOU Gloria;Formation Excel;1 octobre 2026
B-STAT-WWA-2026-0005;M.;MALOUENDA Jeaphane Cédric;Formation Excel;1 octobre 2026
B-STAT-WWA-2026-0006;Mme;OZOUMEH Alexia Naomie Alfrancia;Formation Excel;1 octobre 2026
B-STAT-WWA-2026-0007;Mme;BEKONO BOUA Arielle Bérénice;Formation Excel;1 octobre 2026
B-STAT-WWA-2026-0008;M.;BOUEYA NGOUALA Yann Mérite;Formation Excel;1 octobre 2026
B-STAT-WWA-2026-0009;M.;BAHANDI Alfred Brascovy;Formation Excel;1 octobre 2026
B-STAT-WWA-2026-0010;M.;IBALA Isaac;Formation Excel;1 octobre 2026
B-STAT-WWA-2026-0011;Mme;BOTATA Laick Raïna;Formation Excel;1 octobre 2026
B-STAT-WWA-2026-0012;M.;GATSE Fabrice;Formation Excel;1 octobre 2026
